ProductGroup,Item,ItemDescription,,
0000,000,DEFAULT                                                                                             ,,
0003,001,GENERAL CLOTHING/FOOTWEAR                                                                           ,,
0003,002,FUR CLOTHING (FUR REPRESENTS MORE THAN 50% OF THE GARMENT-S VALUE)                                  ,,
0003,003,FORMAL WEAR                                                                                         ,,
0003,004,NOTIONS                                                                                             ,,
0003,005,BELT BUCKLES                                                                                        ,,
0003,006,CHILDREN-S COSTUMES                                                                                 ,,
0003,007,ADULT COSTUMES                                                                                      ,,
0003,008,HAIRBOWS                                                                                            ,,
0003,009,HANDKERCHIEFS                                                                                       ,,
0003,010,SYNTHETIC FUR                                                                                       ,,
0003,011,RECEIVING BLANKETS                                                                                  ,,
0003,012,CRIB BLANKETS                                                                                       ,,
0003,013,CHILDRENS CLOTHING                                                                                  ,,
0004,001,ATHLETIC CLOTHING                                                                                   ,,
0004,002,ATHLETIC EQUIPMENT                                                                                  ,,
0004,003,ATHLETIC/CHILDREN-S UNIFORM                                                                         ,,
0004,004,BATTING GLOVES/GOLF GLOVES                                                                          ,,
0004,005,CLEATED/ATHLETIC SHOES                                                                              ,,
0004,006,BATHING CAPS                                                                                        ,,
0004,007,BATHING SUITS                                                                                       ,,
0004,008,SKI PANTS                                                                                           ,,
0004,009,ATHLETIC SUPPORTERS                                                                                 ,,
0004,010,TENNIS CLOTHING                                                                                     ,,
0004,011,HUNTING APPAREL- BLAZE ORANGE/REFLECTING                                                            ,,
0005,001,SAFETY CLOTHING/EQUIPMENT/FOOTWEAR                                                                  ,,
0005,002,PROTECTIVE CLOTHING-DESIGNED TO PROTECT PRODUCT OR WEARER-S CLOTHES                                 ,,
0005,003,LAB COATS                                                                                           ,,
0010,001,CAR SEAT                                                                                            ,,
0010,002,US FLAG- REGULATION SIZE                                                                            ,,
0010,003,US FLAG- REGULATION SIZE- SOLD AS A UNIT WITH KIT/ACCESSORIES- VALUE OF FLAG IS = OR > 50%          ,,
0010,004,US FLAG- REGULATION SIZE- SOLD AS A UNIT WITH KIT/ACCESSORIES- VALUE OF FLAG IS < 50%               ,,
0010,005,US FLAG- NON REGULATION SIZE                                                                        ,,
0010,006,US FLAG- NON REGULATION SIZE- SOLD AS A UNIT WITH KIT/ACCESSORIES- VALUE OF FLAG IS = OR > 50%      ,,
0010,007,US FLAG- NON REGULATION SIZE- SOLD AS A UNIT WITH KIT/ACCESSORIES- VALUE OF FLAG IS < 50%           ,,
0010,008,FORMER US FLAG                                                                                      ,,
0010,009,FORMER US FLAG- SOLD AS A UNIT WITH KIT/ACCESSORIES                                                 ,,
0010,010,POW/MIA FLAG                                                                                        ,,
0010,011,POW/MIA FLAG- SOLD AS A UNIT WITH KIT/ACCESSORIES- VALUE OF FLAG IS = OR > 50%                      ,,
0010,012,POW/MIA FLAG- SOLD AS A UNIT WITH KIT/ACCESSORIES- VALUE OF FLAG IS < 50%                           ,,
0011,001,BIBLES PUBLISHED BY NOT-FOR-PROFIT PUBLISHER                                                        ,,
0011,002,BIBLES-OTHER                                                                                        ,,
0015,001,LATE PAYMENT FEE - STANDARD INVOICE - SEPARATELY STATED FEE                                         ,,
0015,002,LATE PAYMENT FEE - STANDARD INVOICE - FEE COMBINED WITH THE BASE CHARGES                            ,,
0015,003,LATE PAYMENT FEE - LEASE AGREEMENT - SEPARATELY STATED FEE                                          ,,
0015,004,LATE PAYMENT FEE - LEASE AGREEMENT - FEE COMBINED WITH THE BASE CHARGES                             ,,
0015,005,LATE PAYMENT FEE - UTILITY SERVICE - SEPARATELY STATED FEE                                          ,,
0015,006,LATE PAYMENT FEE - UTILITY SERVICE - FEE COMBINED WITH THE BASE CHARGES                             ,,
0016,001,MANDATORY INSURANCE FEE ADDED TO INVOICE                                                            ,,
0016,002,OPTIONAL INSURANCE FEE ADDED TO INVOICE                                                             ,,
0020,001,NEWSPAPER NEWSSTAND SALES DAILY                                                                     ,,
0020,018,MAGAZINES PREPAID SUBSCRIPTION GENERAL INTEREST                                                     ,,
0020,019,MAGAZINES PREPAID SUBSCRIPTION JOURNALS                                                             ,,
0100,001,FOOD FOR HOME CONSUMPTION                                                                           ,,
0100,002,FOOD CAN BE PURCHASED WITH FOOD STAMPS                                                              ,,
0101,001,MARKETED AS CANDY                                                                                   ,,
0101,002,FOOD MIXED OR COVERED WITH CANDY WHERE CANDY IS THE PRIMARY PRODUCT                                 ,,
0101,003,INTENDED FOR USE IN COOKING OR DECORATING                                                           ,,
0101,004,GUM - CHEWING OR BUBBLE                                                                             ,,
0101,005,CEREAL BARS                                                                                         ,,
0101,006,CANDY-COATED POPCORN                                                                                ,,
0101,007,CANDY-COATED APPLES                                                                                 ,,
0101,008,CANDY-COATED PRETZELS/COOKIES/WAFERS/CEREAL BARS                                                    ,,
0101,009,MARSHMALLOWS                                                                                        ,,
0101,010,NUTS - HONEY ROASTED                                                                                ,,
0101,011,NUTS/FRUIT - CANDY COATED                                                                           ,,
0101,012,LICORICE                                                                                            ,,
0102,001,COFFEE/TEA/COCOA                                                                                    ,,
0102,002,MILK - CONTAINS PRIMARY DAIRY PRODUCT OR INGREDIENT BASES                                           ,,
0102,010,DRINK MIX - TANG                                                                                    ,,
0102,011,SOFT DRINK CONTAINS NO FRUIT OR VEGETABLE JUICE                                                     ,,
0102,012,SOFT DRINK MIXES                                                                                    ,,
0102,013,BOTTLED WATER                                                                                       ,,
0102,014,MINERAL WATER                                                                                       ,,
0102,015,DISTILLED WATER                                                                                     ,,
0102,016,ICED TEA (LIQUID SWEETENED)                                                                         ,,
0102,017,ICED TEA (LIQUID UNSWEETENED)                                                                       ,,
0102,018,ICED COFFEE                                                                                         ,,
0102,019,DRINK MIX INTENDED TO BE MIXED WITH MILK                                                            ,,
0104,001,VITAMINS & MINERALS                                                                                 ,,
0104,002,FOOD/HERBAL SUPPLEMENTS                                                                             ,,
0104,003,FOOD SUBSTITUTES - POWDER/LIQUID                                                                    ,,
0104,004,FOOD SUBSTITUTES - BAR                                                                              ,,
0104,005,COD LIVER OIL                                                                                       ,,
0106,001,RAW POPCORN                                                                                         ,,
0106,002,ICE                                                                                                 ,,
0106,003,FOOD COLORING                                                                                       ,,
0107,001,POPCORN                                                                                             ,,
0107,002,FLAVOR ICE                                                                                          ,,
0107,003,OTHER SNACK FOODS                                                                                   ,,
0108,001,INDIVIDUAL-SIZED PORTION SOLD INDIVIDUALLY - PREPARED BY OUTSIDE VENDOR                             ,,
0108,009,OTHER BAKERY ITEMS - PREPARED BY OUTSIDE VENDOR                                                     ,,
0108,010,OTHER BAKERY ITEMS - PREPARED BY RETAILER                                                           ,,
0109,001,NON-FOOD PRODUCING SEEDS AND PLANTS                                                                 ,,
0109,002,FOOD-PRODUCING SEEDS                                                                                ,,
0109,003,FOOD-PRODUCING PLANTS                                                                               ,,
0110,001,INDIVIDUAL CIGARETTE (WEIGHING NOT MORE THAN 3 LBS PER 1000)                                        ,,
0110,002,INDIVIDUAL CIGARETTE (WEIGHING MORE THAN 3 LBS PER 1000)                                            ,,
0110,003,CIGARETTES- PACK OF 20                                                                              ,,
0110,004,CIGARETTES- CARTON                                                                                  ,,
0110,005,CIGARS- (WEIGHING NOT MORE THAN 3 LBS PER THOUSAND)                                                 ,,
0110,006,CIGARS- OTHER                                                                                       ,,
0110,007,SMOKING TOBACCO                                                                                     ,,
0110,008,CHEWING TOBACCO                                                                                     ,,
0110,009,SNUFF                                                                                               ,,
0110,010,CAVENDISH/PLUG/TWIST                                                                                ,,
0110,011,SMOKELESS TOBACCO                                                                                   ,,
0110,012,GUMMED CIGARETTE PAPERS                                                                             ,,
0111,001,BEER                                                                                                ,,
0111,002,LIQUOR                                                                                              ,,
0111,003,WINE                                                                                                ,,
0111,004,COCKTAIL MIXES                                                                                      ,,
0111,005,BEER OR MALT CONTAINING 3.2% ALCOHOL OR LESS                                                        ,,
0112,001,PRODUCTS WITH A MEDICINAL VALUE                                                                     ,,
0112,002,INTERNAL ANALGESICS                                                                                 ,,
0112,003,LAXATIVES                                                                                           ,,
0112,004,COLD/COUGH/ALLERGY PRODUCTS                                                                         ,,
0112,005,ANTACIDS                                                                                            ,,
0112,006,EYE CARE PRODUCTS                                                                                   ,,
0112,007,CONTACT LENS SOLUTIONS - LUBRICATING                                                                ,,
0112,008,LOZENGES                                                                                            ,,
0112,009,CONTACT LENS SOLUTIONS - CLEANSING                                                                  ,,
0112,010,BANDAGES AND GAUZE-NON-MEDICATED                                                                    ,,
0112,011,BANDAGES AND GAUZE-MEDICATED                                                                        ,,
0113,001,PREPACKAGED IN CONTAINERS LARGER THAN 1 PINT                                                        ,,
0113,002,INDIVIDUAL ICE CREAM/ICES SUNDRIES SOLD INDIVIDUALLY OR IN PACKAGES OF 5 OR LESS                    ,,
0113,003,PREPACKAGED IN PINT SIZED CONTAINER                                                                 ,,
0114,001,ADULT DIAPERS                                                                                       ,,
0114,002,INCONTINENT PRODUCTS                                                                                ,,
0114,003,WIPES                                                                                               ,,
0114,004,RESERVED                                                                                            ,,
0114,005,TOILET TISSUE                                                                                       ,,
0114,006,PAPER TOWELS/PAPER NAPKINS/TOILET TISSUES                                                           ,,
0114,007,PAPER PLATES AND CUPS                                                                               ,,
0114,008,PLASTIC PLATES AND CUPS                                                                             ,,
0114,009,OTHER DISPOSABLE HOUSEHOLD PAPER PRODUCTS                                                           ,,
0114,010,OTHER DISPOSABLE HOUSEHOLD PLASTIC PRODUCTS                                                         ,,
0116,001,SUNBLOCK/SUNSCREEN                                                                                  ,,
0116,002,CHARCOAL                                                                                            ,,
0116,003,SHAMPOO- MEDICATED/DANDRUFF                                                                         ,,
0116,004,SHAMPOO- NON-MEDICATED                                                                              ,,
0116,005,PET FOOD                                                                                            ,,
0116,006,COTTON SWABS                                                                                        ,,
0116,007,NICOTINE SUPPLEMENTS/NICOTINE REPLACEMENT THERAPY-PATCH/INHALER                                     ,,
0116,008,NICOTINE SUPPLEMENTS/NICOTINE REPLACEMENT THERAPY-GUM/LOZENGE                                       ,,
0116,009,CHARCOAL LIGHTER/LIGHTER FLUID                                                                      ,,
0117,001,BABY OIL                                                                                            ,,
0117,002,BABY LOTION/SHAMPOO/SIMILAR ITEMS                                                                   ,,
0117,003,BOTTLES/NIPPLES/PACIFIERS/TEETHING RINGS/SIMILAR ITEMS                                              ,,
0117,004,DISPOSABLE DIAPERS                                                                                  ,,
0117,005,BABY POWDER - MEDICATED                                                                             ,,
0117,006,BABY POWDER - NON-MEDICATED                                                                         ,,
0118,001,SANITARY NAPKINS                                                                                    ,,
0118,002,TAMPONS                                                                                             ,,
0118,003,SPRAYS/DOUCHES/SIMILAR ITEMS- NON-MEDICATED                                                         ,,
0118,004,SPRAYS/DOUCHES/SIMILAR ITEMS- MEDICATED                                                             ,,
0119,007,FRUIT OR VEGETABLE JUICE 100% BY VOLUME WITH NO PRESERVATIVES OR OTHER ADDITIVES                    ,,
0119,008,SOFT DRINK CONTAINS NO FRUIT OR VEGETABLE JUICE                                                     ,,
0119,009,NONALCOHOLIC BEER AND WINE                                                                          ,,
0119,010,WATER                                                                                               ,,
0119,011,MINERAL WATER                                                                                       ,,
0120,001,SANDWICHES - PREPARED BY OUTSIDE VENDOR                                                             ,,
0120,002,SANDWICHES - RETAILER/SELF SERVICE PREPARATION                                                      ,,
0120,003,SALAD OR SNACK BAR - PREPARED BY OUTSIDE VENDOR                                                     ,,
0120,004,SALAD OR SNACK BAR - RETAILER/SELF SERVICE PREPARATION                                              ,,
0120,005,OTHER FOODS - PREPARED BY OUTSIDE VENDOR                                                            ,,
0120,006,OTHER FOODS - RETAILER/SELF SERVICE PREPARATION                                                     ,,
0120,007,DELI/PARTY TRAYS OR PLATTERS                                                                        ,,
0121,001,SANDWICHES - PREPARED BY OUTSIDE VENDOR                                                             ,,
0121,002,SANDWICHES - RETAILER/SELF SERVICE PREPARATION                                                      ,,
0121,003,SALAD OR SNACK BAR - PREPARED BY OUTSIDE VENDOR                                                     ,,
0121,004,SALAD OR SNACK BAR - RETAILER/SELF SERVICE PREPARATION                                              ,,
0121,005,OTHER FOODS - PREPARED BY OUTSIDE VENDOR                                                            ,,
0121,006,OTHER FOODS - RETAILER/SELF SERVICE PREPARATION                                                     ,,
0122,001,PRESCRIPTION MEDICATION                                                                             ,,
0123,001,DENTURE ADHESIVES                                                                                   ,,
0123,002,DENTURE CLEANSERS                                                                                   ,,
0123,003,MOUTHWASH-MEDICATED/ANTISEPTIC                                                                      ,,
0123,004,MOUTHWASH-NON-MEDICATED                                                                             ,,
0123,005,TOOTHPASTE-MEDICATED/GERMICIDAL/CONTAINS FLUORIDE                                                   ,,
0123,006,TOOTHPASTE-NON MEDICATED                                                                            ,,
0123,007,FLUORIDE RINSE                                                                                      ,,
0123,008,DENTAL FLOSS                                                                                        ,,
0123,009,TOOTHBRUSHES                                                                                        ,,
0123,010,LIP BALM-MEDICINAL                                                                                  ,,
0124,001,NUTRITION/ENERGY BAR WITH NO CANDY                                                                  ,,
0124,002,NUTRITION/ENERGY BAR CONTAINS CANDY & FLOUR                                                         ,,
0124,003,NUTRITION/ENERGY BAR CONTAINS CANDY BUT NO FLOUR                                                    ,,
0124,004,NUTRITION/ENERGY BAR WITH CANDY COATING - CONTAINS FLOUR                                            ,,
0124,005,NUTRITION/ENERGY BAR WITH CANDY COATING - DOES NOT CONTAIN FLOUR                                    ,,
0150,001,PREPARED FOOD & NONALCOHOLIC BEVERAGES                                                              ,,
0150,002,FOOD/BEV TO GO EXCEPT SWEETENED NONDAIRY BEV                                                        ,,
0150,003,HOT FOOD - NO BEVERAGE                                                                              ,,
0150,004,COLD SANDWICH - RETAILER PREPARED                                                                   ,,
0150,005,COLD SANDWICH - THIRD PARTY PREPARED                                                                ,,
0150,006,RETAILER PREPARED COMBINATION WITH CARBONATED SWEETENED BEVERAGE WITH MILK OR >50% JUICE            ,,
0150,027,HOT COMBINATION INCLUDING BEVERAGE - UNSWEETENED OR WITH MILK/>50% JUICE                            ,,
0150,028,HOT COMBINATION INCLUDING SWEETENED BEVERAGE WITH NO MILK/<50% JUICE                                ,,
0150,029,HOT DRINK/ SWEETENED WITH NO MILK/<50%JUICE                                                         ,,
0150,030,HOT DRINK/ UNSWEETENED OR CONTAINS MILK/>50%JUICE                                                   ,,
0150,031,FOUNTAIN DRINK/ NONCARBONATED/ SWEETENED WITH NO MILK/<50%JUICE                                     ,,
0150,032,FOUNTAIN DRINK/ NONCARBONATED/ UNSWEETENED OR CONTAINS MILK/>50%JUICE                               ,,
0150,033,FOUNTAIN DRINK/ CARBONATED/ SWEETENED WITH NO MILK/<50%JUICE                                        ,,
0150,034,FOUNTAIN DRINK/ CARBONATED/ UNSWEETENED OR CONTAINS MILK/>50%JUICE                                  ,,
0151,001,BEER OR MALT CONTAINING 3.2% ALCOHOL OR LESS                                                        ,,
0151,002,BEER CONTAINING MORE THAN 3.2% ALCOHOL                                                              ,,
0151,003,WINE OTHER THAN TABLE WINE                                                                          ,,
0151,004,TABLE WINE                                                                                          ,,
0151,005,LIQUOR AND MIXED DRINKS                                                                             ,,
0151,006,SETUPS                                                                                              ,,
0152,014,MANDATORY SERVICE CHARGE                                                                            ,,
0153,001,MINIMUM CHARGE                                                                                      ,,
0153,002,COVER CHARGE - WATCH/LISTEN/NO DANCE FLOOR                                                          ,,
0153,003,COVER CHARGE - PARTICIPATE/DANCE                                                                    ,,
0153,004,COVER CHARGE WHEN REDUCED DRINK PRICE IN EFFECT                                                     ,,
0153,005,BANQUET ROOM                                                                                        ,,
0153,006,CORKAGE                                                                                             ,,
0153,007,COAT CHECK                                                                                          ,,
0153,008,PARKING                                                                                             ,,
0153,009,DELIVERY                                                                                            ,,
0154,001,SNACKS - INDIVIDUAL SERVING                                                                         ,,
0154,002,SNACKS - PACKAGE OF 2 OR 3 SERVINGS                                                                 ,,
0154,003,SNACKS - PACKAGE OF 4 SERVINGS                                                                      ,,
0154,004,SNACKS - PACKAGE OF 5 SERVINGS                                                                      ,,
0154,005,SNACKS - PACKAGE OF 6 OR MORE SERVINGS                                                              ,,
0154,012,PREPARED BY THIRD PARTY - PACKAGED BY RETAILER                                                      ,,
0154,013,PREPARED BY THIRD PARTY - PACKAGED BY THIRD PARTY                                                   ,,
0154,014,SALAD BAR                                                                                           ,,
0154,015,SLICED BY RETAILER                                                                                  ,,
0155,001,SOFT DRINK - UNDER 8 OZ                                                                             ,,
0200,001,HANDLING CHARGE SEPARATELY STATED                                                                   ,,
0200,002,UNCANCELLED POSTAGE SOLD IN CONJUNCTION WITH SALE OF TAXABLE TPP OR SERVICES                        ,,
0200,003,UNCANCELLED POSTAGE SOLD IN CONJUNCTION WITH SALE OF NONTAXABLE TPP OR SERVICES                     ,,
0200,004,CANCELLED POSTAGE SOLD IN CONJUNCTION WITH SALE OF TAXABLE TPP OR SERVICES                          ,,
0200,005,CANCELLED POSTAGE SOLD IN CONJUNCTION WITH SALE OF NONTAXABLE TPP OR SERVICES                       ,,
0201,001,FREIGHT IN                                                                                          ,,
0301,005,CUSTOMER CONTRACTED INSTALL OF NEW TPP TO REAL PROPERTY                                             ,,
0302,001,LABOR ONLY                                                                                          ,,
0302,002,LUMP-SUM BILL FOR LABOR AND MATERIALS/ VALUE OF MATERIALS IS SIGNIFICANT                            ,,
0302,003,LUMP-SUM BILL FOR LABOR AND MATERIALS/ VALUE OF MATERIALS IS NOT SIGNIFICANT                        ,,
0302,004,LABOR CHARGE SEPARATELY STATED (INVOICE ALSO INCLUDES CHARGE FOR MATERIALS)                         ,,
0302,005,MATERIAL CHARGE SEPARATELY STATED/ VALUE OF MATERIALS IS NOT SIGNIFICANT                            ,,
0400,001,VIDEO AND GAMING RENTAL                                                                             ,,
0401,001,LESS THAN OR EQUAL TO 28 DAYS                                                                       ,,
0401,002,GREATER THAN 28 DAYS AND LESS THAN 30 DAYS                                                          ,,
0401,003,GREATER THAN OR EQUAL TO 30 DAYS                                                                    ,,
0402,001,LESS THAN OR EQUAL TO 28 DAYS                                                                       ,,
0402,002,GREATER THAN 28 DAYS AND LESS THAN 30 DAYS                                                          ,,
0402,003,GREATER THAN OR EQUAL TO 30 DAYS                                                                    ,,
0403,001,LESS THAN OR EQUAL TO 28 DAYS                                                                       ,,
0403,002,GREATER THAN 28 DAYS AND LESS THAN 30 DAYS                                                          ,,
0403,003,GREATER THAN OR EQUAL TO 30 DAYS TO LESS THAN 12 MONTHS                                             ,,
0403,004,GREATER THAN OR EQUAL TO 12 MONTHS TO 30 MONTHS                                                     ,,
0403,005,GREATER THAN 30 MONTHS TO 3 YEARS                                                                   ,,
0403,006,GREATER THAN 3 YEARS                                                                                ,,
0404,001,LESS THAN 12 MONTHS                                                                                 ,,
0404,002,GREATER THAN OR EQUAL TO 12 MONTHS TO 30 MONTHS                                                     ,,
0404,003,GREATER THAN 30 MONTHS TO 3 YEARS                                                                   ,,
0404,004,GREATER THAN 3 YEARS                                                                                ,,
0405,001,LESS THAN 12 MONTHS                                                                                 ,,
0405,002,GREATER THAN OR EQUAL TO 12 MONTHS TO 30 MONTHS                                                     ,,
0405,003,GREATER THAN 30 MONTHS TO 3 YEARS                                                                   ,,
0405,004,GREATER THAN 3 YEARS                                                                                ,,
0406,001,GARMENTS RENTED FOR PERSONAL USE                                                                    ,,
0406,002,GARMENTS RENTED  FOR BUSINESS USE                                                                   ,,
0406,003,OTHER TEXTILES RENTED FOR PERSONAL USE                                                              ,,
0406,004,OTHER TEXTILES RENTED FOR BUSINESS USE                                                              ,,
0407,001,DIAPER SUPPLY CONTRACT                                                                              ,,
0407,002,GARMENT SUPPLY CONTRACT OF LESS THAN 30 DAYS                                                        ,,
0407,003,GARMENT SUPPLY CONTRACT OF 30 DAYS OR MORE                                                          ,,
0407,004,OTHER TEXTILE SUPPLY CONTRACT OF LESS THAN 30 DAYS                                                  ,,
0407,005,OTHER TEXTILE SUPPLY CONTRACT OF 30 DAYS OR MORE                                                    ,,
0500,001,RADIO AND TELEVISION                                                                                ,,
0500,002,PRINT NEWSPAPERS AND MAGAZINES                                                                      ,,
0500,003,INTERNET WEB PAGE                                                                                   ,,
0500,004,OUTDOOR ADVERTISING                                                                                 ,,
0500,005,INDOOR-OUTDOOR PLACE DISPLAYS                                                                       ,,
0510,001,PHOTO STUDIO/ SALE OF ORIGINAL PHOTOGRAPHS ON TPP                                                   ,,
0510,002,PHOTO STUDIO/ SALE OF REPRODUCED PHOTOGRAPHS ON TPP                                                 ,,
0510,003,PHOTO STUDIO/ RENDERING PROOFS TO CUSTOMER                                                          ,,
0510,004,PHOTO STUDIO/ SALE OF PHOTOGRAPHS DELIVERED ELECTRONICALLY                                          ,,
0510,005,PHOTO STUDIO/ PHOTO FINISHING SERVICES ON CUSTOMER OWNED TPP                                        ,,
0510,006,PHOTO STUDIO/ MODEL SITTING FEE. NO TPP                                                             ,,
0510,007,RETAIL PHOTOGRAPHIC NEGATIVE DEVELOPMENT                                                            ,,
5000,001,INTRASTATE                                                                                          ,,
6006,002,FARM                                                                                                ,,
6010,000,DEFAULT                                                                                             ,,
6011,001,WITH PRESCRIPTION                                                                                   ,,
6011,002,WITHOUT PRESCRIPTION                                                                                ,,
6020,001,SERVICES MANDATORY OR IN CONNECTION WITH SALE OF TPP                                                ,,
6020,002,SERVICES NOT SOLD IN CONNECTION WITH THE SALE OF TPP                                                ,,
6021,001,ON SITE OR PHONE SUPPORT - MANDATORY OR IN CONNECTION WITH SALE OF TPP                              ,,
6021,002,ON SITE OR PHONE SUPPORT - OPTIONAL OR SEPARATE FROM SALE OF TPP                                    ,,
6026,001,VIA TANGIBLE STORAGE MEDIA                                                                          ,,
6026,002,VIA ELECTRONIC DELIVERY                                                                             ,,
6026,003,VIA LOAD & LEAVE                                                                                    ,,
6027,001,VIA TANGIBLE STORAGE MEDIA                                                                          ,,
6027,002,VIA ELECTRONIC DELIVERY                                                                             ,,
6027,003,VIA LOAD & LEAVE                                                                                    ,,
6031,012,CUSTOM SOFTWARE/ OPTIONAL SOFTWARE MAINTENANCE CONTRACT - UPGRADES ELECTRONIC                       ,,
6031,013,HARDWARE/ MANDATORY COMPUTER MAINTENANCE CONTRACT/ WITH SALE OF TPP                                 ,,
6031,014,HARDWARE/ OPTIONAL COMPUTER MAINTENANCE CONTRACT/ WITH SALE OF TPP                                  ,,
6031,015,HARDWARE/ OPTIONAL COMPUTER MAINTENANCE CONTRACT/ NOT WITH SALE OF TPP                              ,,
6100,001,BEDPANS                                                                                             ,,
6100,002,COMMODES                                                                                            ,,
6100,003,GRAB BARS                                                                                           ,,
6100,004,TOILET SEATS (RAISED)                                                                               ,,
6100,005,URINALS (MALE AND FEMALE)                                                                           ,,
6101,001,HOSPITAL BEDS-GENERAL                                                                               ,,
6101,002,HOSPITAL BEDS- CUSTOM MADE                                                                          ,,
6101,003,HOSPITAL BED MATTRESSES                                                                             ,,
6101,004,BED PADS- GENERAL                                                                                   ,,
6101,005,BED PADS- HOSPITAL BED                                                                              ,,
6101,006,BED RAILS                                                                                           ,,
6101,007,MATTRESS COVERS                                                                                     ,,
6101,008,MATTRESS COVERS- HOSPITAL BED                                                                       ,,
6101,009,OVERBED TABLES                                                                                      ,,
6101,010,PILLOWS                                                                                             ,,
6101,011,PRESSURE PAD AND MATTRESS-GENERAL                                                                   ,,
6101,012,PRESSURE PAD AND MATTRESS-HOSPITAL BED                                                              ,,
6101,013,WEDGES AND OVERLAYS                                                                                 ,,
6101,014,EGG CRATE MATTRESSES-GENERAL                                                                        ,,
6101,015,EGG CRATE MATTRESSES-HOSPITAL BED                                                                   ,,
6101,016,EGG CRATE CHAIR PADS                                                                                ,,
6101,017,PATIENT POSITIONERS                                                                                 ,,
6101,018,PILLOWCASES/ PILLOWCASE PROTECTORS AND BED SHEETS-DISPOSABLE                                        ,,
6101,019,PILLOWCASES/ PILLOWCASE PROTECTORS AND BED SHEETS-NON-DISPOSABLE                                    ,,
6101,020,BED RAILS FOR HOSPITAL BEDS                                                                         ,,
6102,001,MOIST BURN PADS                                                                                     ,,
6102,002,BURN VESTS                                                                                          ,,
6103,001,BORES-USED TO ADMINISTER DRUGS                                                                      ,,
6103,002,BORES-USED TO ADMINISTER FLUIDS OTHER THAN DRUGS                                                    ,,
6103,003,CLAMPS-USED TO ADMINISTER DRUGS                                                                     ,,
6103,004,CLAMPS-USED TO ADMINISTER FLUIDS OTHER THAN DRUGS                                                   ,,
6103,005,BAGS-USED TO ADMINISTER DRUGS                                                                       ,,
6103,006,BAGS-USED TO ADMINISTER FLUIDS OTHER THAN DRUGS                                                     ,,
6103,007,TUBING-USED TO ADMINISTER DRUGS                                                                     ,,
6103,008,TUBING-USED TO ADMINISTER FLUIDS OTHER THAN DRUGS                                                   ,,
6103,009,STOPCOCKS-USED TO ADMINISTER DRUGS                                                                  ,,
6103,010,STOPCOCKS-USED TO ADMINISTER FLUIDS OTHER THAN DRUGS                                                ,,
6103,011,INFUSION PUMP-USED TO ADMINISTER DRUGS                                                              ,,
6103,012,INFUSION PUMP-USED TO ADMINISTER FLUID OTHER THAN DRUGS                                             ,,
6104,001,SWABSTICKS                                                                                          ,,
6104,002,APNEA HEART MONITOR                                                                                 ,,
6104,003,BLOOD PRESSURE KITS                                                                                 ,,
6104,004,MEDICAL IDENTIFICATION TAGS                                                                         ,,
6104,005,STETHOSCOPES                                                                                        ,,
6104,006,TRACHEOSTOMY CARE KITS                                                                              ,,
6104,007,IV POLES                                                                                            ,,
6104,008,PATIENT TRANSFER BOARDS                                                                             ,,
6105,001,EXERCISE BALLS-FOR MEDICAL TREATMENT AND REHABILITATION PURPOSES                                    ,,
6105,002,EXERCISE BANDS- FOR MEDICAL TREATMENT AND REHABILITATION PURPOSES                                   ,,
6105,003,EXERCISE MATS- FOR MEDICAL TREATMENT AND REHABILITATION PURPOSES                                    ,,
6105,004,WOBBLE BOARDS- FOR MEDICAL TREATMENT AND REHABILITATION PURPOSES                                    ,,
6105,005,MEDICINE BALLS- FOR MEDICAL TREATMENT AND REHABILITATION PURPOSES                                   ,,
6105,006,MEDIBALL REBOUNDER- FOR MEDICAL TREATMENT AND REHABILITATION PURPOSES                               ,,
6105,007,WEIGHTS- FOR MEDICAL TREATMENT AND REHABILITATION PURPOSES                                          ,,
6106,001,WALKERS                                                                                             ,,
6106,002,CANES-MAKE CONTACT WITH GROUND AT ONE POINT                                                         ,,
6106,003,CANES-MAKE CONTACT WITH GROUND AT MORE THAN ONE POINT                                               ,,
6106,004,CRUTCHES- UNDERARM                                                                                  ,,
6106,005,FOREARM CRUTCHES                                                                                    ,,
6106,006,POWER WHEELCHAIRS-GENERAL                                                                           ,,
6106,007,POWER WHEELCHAIRS SOLD TO THE PERMANENTLY DISABLED                                                  ,,
6106,008,MANUAL WHEELCHAIRS                                                                                  ,,
6106,009,SPORTS WHEELCHAIRS                                                                                  ,,
6106,010,YOUTH WHEELCHAIRS                                                                                   ,,
6106,011,WHEELCHAIR BASKETS AND POUCHES                                                                      ,,
6106,012,WHEELCHAIR SEAT CUSHIONS AND BACK SUPPORTS-ORIGINAL                                                 ,,
6106,013,WHEELCHAIR SEAT CUSHIONS AND BACK SUPPORTS-REPLACEMENT PARTS                                        ,,
6106,014,WHEELCHAIR BATTERIES FOR ELECTRIC WHEELCHAIRS                                                       ,,
6106,015,WHEELCHAIR BELTS                                                                                    ,,
6106,016,WHEELCHAIR LAP BOARDS/TRAYS ATTACHED TO THE WHEELCHAIR                                              ,,
6106,017,WHEELCHAIR WHEELS                                                                                   ,,
6106,018,WHEELCHAIR RUBBER TIPS                                                                              ,,
6106,019,STAIRWAY LIFT                                                                                       ,,
6106,020,ELECTRONIC THREE WHEELED SCOOTERS                                                                   ,,
6106,021,LIFT CHAIR                                                                                          ,,
6106,022,WHEELCHAIR RAMPS FOR BUILDING ACCESS                                                                ,,
6106,023,WHEELCHAIR RAMPS-USED FOR ACCESS TO MOTOR VEHICLE                                                   ,,
6106,024,MANUAL WHEELCHAIRS SOLD TO THE PERMANENTLY DISABLED.                                                ,,
6106,025,SPORTS WHEELCHAIRS SOLD TO THE PERMANENTLY DISABLED.                                                ,,
6106,026,YOUTH WHEELCHAIRS SOLD TO THE PERMANENTLY DISABLED.                                                 ,,
6106,027,WHEELCHAIR BASKETS AND POUCHES SOLD TO THE PERMANENTLY DISABLED.                                    ,,
6106,028,WHEELCHAIR SEAT CUSHIONS AND BACK SUPPORTS SOLD TO THE PERMANENTLY DISABLED.                        ,,
6106,029,WHEELCHAIR BATTERIES FOR ELECTRIC WHEELCHAIRS SOLD TO THE PERMANENTLY DISABLED.                     ,,
6106,030,WHEELCHAIR BELTS SOLD TO THE PERMANENTLY DISABLED.                                                  ,,
6106,031,WHEELCHAIR LAP BOARDS/TRAYS ATTACHED TO THE WHEELCHAIR SOLD TO THE PERMANENTLY DISABLED.            ,,
6106,032,WHEELCHAIR WHEELS SOLD TO THE PERMANENTLY DISABLED.                                                 ,,
6106,033,WHEELCHAIR RUBBER TIPS SOLD TO THE PERMANENTLY DISABLED.                                            ,,
6107,001,BOOTS-NON CUSTOM                                                                                    ,,
6107,002,BOOTS- CUSTOM                                                                                       ,,
6107,003,TOE SEPARATORS/ALIGNERS-NON CUSTOM                                                                  ,,
6107,004,TOE SEPARATORS/ALIGNERS- CUSTOM                                                                     ,,
6107,005,ORTHOTICS- NON CUSTOM                                                                               ,,
6107,006,ORTHOTICS- CUSTOM                                                                                   ,,
6107,007,ORTHOPEDIC SHOES-NON CUSTOM                                                                         ,,
6107,008,ORTHOPEDIC SHOES- CUSTOM                                                                            ,,
6108,001,CERVICAL COLLARS                                                                                    ,,
6108,002,CERVICAL AND LUMBAR PILLOWS                                                                         ,,
6108,003,ARM SUPPORTS                                                                                        ,,
6108,004,SLINGS                                                                                              ,,
6108,005,HINGED KNEE BRACES                                                                                  ,,
6108,006,SPLINTS                                                                                             ,,
6108,007,ADA BRACE (A BRACE USED TO CORRECT ANKLE INJURIES)                                                  ,,
6108,008,CONTINUOUS PASSIVE MOTION DEVICES (PREVENTS JOINT STIFFNESS)                                        ,,
6108,009,TRACTION DEVICES                                                                                    ,,
6108,010,SCOLIOSIS BRACES                                                                                    ,,
6108,011,ORTHOTIC BACK BRACES FOR TRAUMATIC SPINAL FRACTURES                                                 ,,
6108,012,KNEE SUPPORTS- ELASTIC                                                                              ,,
6108,013,KNEE SUPPORTS- NON ELASTIC                                                                          ,,
6108,014,ANKLE/ FOOT/ AND HEEL SUPPORTS- ELASTIC                                                             ,,
6108,015,ANKLE/ FOOT/ AND HEEL SUPPORTS- NON ELASTIC                                                         ,,
6108,016,LUMBO-SACRAL & ABDOMINAL SUPPORTS- ELASTIC                                                          ,,
6108,017,LUMBO-SACRAL & ABDOMINAL SUPPORTS- NON ELASTIC                                                      ,,
6108,018,WRIST/ THUMB AND ELBOW SUPPORTS- ELASTIC                                                            ,,
6108,019,WRIST/ THUMB AND ELBOW SUPPORTS- NON ELASTIC                                                        ,,
6108,020,CLAVICAL SUPPORTS-ELASTIC                                                                           ,,
6108,021,CLAVICAL SUPPORTS- NON ELASTIC                                                                      ,,
6108,022,SUPPORT STOCKINGS- ELASTIC                                                                          ,,
6108,023,SUPPORT STOCKINGS- NON ELASTIC                                                                      ,,
6108,024,ANTI-EMBOLISM STOCKINGS- ELASTIC                                                                    ,,
6108,025,ANTI-EMBOLISM STOCKINGS- NON ELASTIC                                                                ,,
6108,026,LYMPHEDEMA AND MASTECOMY SLEEVES- CUSTOM                                                            ,,
6109,001,CERVICAL COLLARS                                                                                    ,,
6109,002,CERVICAL AND LUMBAR PILLOWS                                                                         ,,
6109,003,ARM SUPPORTS                                                                                        ,,
6109,004,SLINGS                                                                                              ,,
6109,005,HINGED KNEE BRACES                                                                                  ,,
6109,006,SPLINTS                                                                                             ,,
6109,007,ADA BRACE (A BRACE USED TO CORRECT ANKLE INJURIES)                                                  ,,
6109,008,CONTINUOUS PASSIVE MOTION DEVICES (PREVENTS JOINT STIFFNESS)                                        ,,
6109,009,TRACTION DEVICES                                                                                    ,,
6109,010,SCOLIOSIS BRACES                                                                                    ,,
6109,011,ORTHOTIC BACK BRACES FOR TRAUMATIC SPINAL FRACTURES                                                 ,,
6109,012,KNEE SUPPORTS- ELASTIC                                                                              ,,
6109,013,KNEE SUPPORTS- NON ELASTIC                                                                          ,,
6109,014,ANKLE/ FOOT/ AND HEEL SUPPORTS- ELASTIC                                                             ,,
6109,015,ANKLE/ FOOT/ AND HEEL SUPPORTS- NON ELASTIC                                                         ,,
6109,016,LUMBO-SACRAL & ABDOMINAL SUPPORTS- ELASTIC                                                          ,,
6109,017,LUMBO-SACRAL & ABDOMINAL SUPPORTS- NON ELASTIC                                                      ,,
6109,018,WRIST/ THUMB AND ELBOW SUPPORTS- ELASTIC                                                            ,,
6109,019,WRIST/ THUMB AND ELBOW SUPPORTS- NON ELASTIC                                                        ,,
6109,020,CLAVICAL SUPPORTS-ELASTIC                                                                           ,,
6109,021,CLAVICAL SUPPORTS- NON ELASTIC                                                                      ,,
6109,022,SUPPORT STOCKINGS- ELASTIC                                                                          ,,
6109,023,SUPPORT STOCKINGS- NON ELASTIC                                                                      ,,
6109,024,ANTI-EMBOLISM STOCKINGS- ELASTIC                                                                    ,,
6109,025,ANTI-EMBOLISM STOCKINGS- NON ELASTIC                                                                ,,
6109,026,LYMPHEDEMA AND MASTECOMY SLEEVES- NON-CUSTOM                                                        ,,
6110,001,INSULIN                                                                                             ,,
6110,002,INSULIN SYRINGES-DISPOSABLE                                                                         ,,
6110,003,INSULIN SYRINGES-NON DISPOSABLE                                                                     ,,
6110,004,GLUCOSE TEST STRIPS                                                                                 ,,
6110,005,BLOOD MONITORING EQUIPMENT                                                                          ,,
6111,001,URINE DRAIN BAGS- LEG                                                                               ,,
6111,002,URINE DRAIN BAGS- BED                                                                               ,,
6111,003,CATHETER LEG STRAP                                                                                  ,,
6111,004,TUBES                                                                                               ,,
6111,005,DRAINAGE TUBING/ CLAMPS AND CONNECTORS                                                              ,,
6112,001,ATHLETIC SUPPORTERS USED AFTER SURGERY-NON CUSTOM                                                   ,,
6112,002,ATHLETIC SUPPORTERS USED AFTER SURGERY-CUSTOM                                                       ,,
6112,003,FECAL COLLECTION SUPPLIES (POST COLOSTOMY)                                                          ,,
6112,004,NASAL SPLINTS- NON CUSTOM                                                                           ,,
6112,005,NASAL SPLINTS- CUSTOM                                                                               ,,
6113,001,HATS                                                                                                ,,
6113,002,CAPS                                                                                                ,,
6113,003,TURBANS                                                                                             ,,
6113,004,WIGS FOR TOTAL AND PERMANENT HAIR LOSS DUE TO A MEDICAL CONDITION                                   ,,
6113,005,WIGS FOR TEMPORARY HAIR LOSS OR THINNING DUE TO A MEDICAL CONDITION                                 ,,
6114,001,EYES                                                                                                ,,
6114,002,LIMBS                                                                                               ,,
6114,003,MASTECTOMY PROSTHETICS                                                                              ,,
6114,004,ERECTILE AID SYSTEMS                                                                                ,,
6114,005,PROSTHETIC SUPPLIES (STOCKING THAT GO OVER AMPUTEE-S STUMPS)                                        ,,
6114,006,ARTIFICIAL LARYNGES AND VOICE AMPLIFIERS                                                            ,,
6115,001,ENTERAL-SYRINGE                                                                                     ,,
6115,002,ENTERAL-PUMP                                                                                        ,,
6115,003,ENTERAL-GRAVITY FED                                                                                 ,,
6115,004,GASTROSTOMY TUBES                                                                                   ,,
6115,005,NUTRITION PUMPS                                                                                     ,,
6116,001,HEARING AID UNITS-NON CUSTOM                                                                        ,,
6116,002,HEARING AID UNITS- CUSTOM                                                                           ,,
6116,003,HEARING AID BATTERIES-NON CUSTOM                                                                    ,,
6116,004,HEARING AID BATTERIES-CUSTOM                                                                        ,,
6117,001,EYE GLASS FRAMES- COSMETIC                                                                          ,,
6117,002,EYE GLASS FRAMES- IF PURCHASED TO CORRECT OR ALLEVIATE PHYSICAL INCAPACITY.                         ,,
6117,003,EYE GLASS LENSES-COSMETIC                                                                           ,,
6117,004,EYE GLASS LENSES IF PURCHASED TO CORRECT OR ALLEVIATE PHYSICAL INCAPACITY.                          ,,
6117,005,SUNGLASSES CORRECTIVE LENSE OR LENSES IF PURCHASED TO CORRECT OR ALLEVIATE PHYSICAL INCAPACITY.     ,,
6117,006,SUNGLASSES- NON CORRECTIVE LENSE OR LENSES-COSMETIC                                                 ,,
6117,007,SUNGLASSES NON CORRECTIVE LENSE OR LENSES  IF PURCHASED TO CORRECT OR ALLEVIATE PHYSICAL INCAPACITY.,,
6117,008,OVER THE COUNTER READING GLASSES                                                                    ,,
6117,009,CONTACT LENSES- COSMETIC                                                                            ,,
6117,010,CONTACT LENSES- FOR VISION CORRECTION                                                               ,,
6117,011,CONTACT LENSES- FOR CORRECTION OF A MEDICAL CONDITION WHICH CANNOT BE TREATED WITH GLASSES          ,,
6117,012,CONTACT LENSE THERMAL OR CHEMICAL CARE UNITS                                                        ,,
6118,001,MASKS                                                                                               ,,
6118,002,CONTINUOUS AIRWAY PRESSURE DEVICE(CPAP) THERAPY SYSTEMS                                             ,,
6118,003,RESPIRATORY ASSIST DEVICE                                                                           ,,
6118,004,CPAP HUMIDIFIERS                                                                                    ,,
6118,005,CLINICAL REMOTES                                                                                    ,,
6118,006,PRESSURE GAUGE MANOMETER KIT                                                                        ,,
6119,001,STATIONARY COMPRESSED GAS SYSTEM                                                                    ,,
6119,002,OXYGEN CONCENTRATORS                                                                                ,,
6119,003,MASK                                                                                                ,,
6119,004,REGULATOR FOR OXYGEN                                                                                ,,
6119,005,TUBING                                                                                              ,,
6119,006,PORTABLE GASEOUS OXYGEN SYSTEM                                                                      ,,
6119,007,PORTABLE LIQUID OXYGEN SYSTEM                                                                       ,,
6119,008,HUMIDIFIER FOR OXYGEN THERAPY                                                                       ,,
6119,009,OXYGEN                                                                                              ,,
6120,001,AEROSOL THERAPY PRODUCTS                                                                            ,,
6120,002,SUCTION UNITS                                                                                       ,,
6120,003,TRACHEAL SUCTION CATHETER                                                                           ,,
6120,004,CANISTER/ DISPOSABLE                                                                                ,,
6120,005,CANISTER/ NON DISPOSABLE                                                                            ,,
6120,006,TUBING USED WITH SUCTION                                                                            ,,
6121,001,SHOWER CHAIRS AND STOOLS                                                                            ,,
6121,002,SHOWER AND BATHTUB GRAB BARS                                                                        ,,
6122,001,REACHERS                                                                                            ,,
6122,002,SOCK AND STOCKING AID                                                                               ,,
6122,003,EXTRA LONG SHOE HORN                                                                                ,,
6122,004,ZIPPER AND BUTTON PULLER                                                                            ,,
6122,005,DOOR KNOB AND FAUCET GRIP                                                                           ,,
6122,006,DOOR ALARM                                                                                          ,,
6122,007,UTENSILS WITH LARGE GRIPS                                                                           ,,
6123,001,TUBING                                                                                              ,,
6123,002,NEBULIZER MACHINES                                                                                  ,,
6123,003,HAND HELD NEBULIZER                                                                                 ,,
6123,004,MASK NEBULIZER                                                                                      ,,
6201,001,AIR PURIFIERS-ROOM                                                                                  ,,
6201,002,AIR PURIFICATION FILTERS                                                                            ,,
6201,003,HUMIDIFIERS- ROOM                                                                                   ,,
6201,004,DISTILLED WATER                                                                                     ,,
6201,005,VAPORIZER                                                                                           ,,
6202,001,DIAPERS- ADULT SIZE                                                                                 ,,
6202,002,INCONTINENCE CREAMS AND WASHES                                                                      ,,
6202,003,DISPOSABLE BRIEFS                                                                                   ,,
6202,004,PADS                                                                                                ,,
6202,005,SHIELDS                                                                                             ,,
6202,006,PANT SYSTEMS- REUSABLE BRIEFS AND LINERS                                                            ,,
6203,001,ALCOHOL  PREP PADS                                                                                  ,,
6203,002,BABY WIPES                                                                                          ,,
6203,003,LUBE JELLY                                                                                          ,,
6203,004,PERSONAL CLEANSING WASHCLOTHS                                                                       ,,
6203,005,HOT WATER BOTTLES                                                                                   ,,
6203,006,THERAPEUTIC ICE PACKS                                                                               ,,
6203,007,THERMOMETERS- ORAL AND RECTAL                                                                       ,,
6203,008,ASPIRATOR- NASAL                                                                                    ,,
6203,009,PILL CONTAINERS                                                                                     ,,
6203,010,HEATING PADS                                                                                        ,,
6203,011,CONTACT LENSE CLEANING SOLUTION                                                                     ,,
6203,012,SALINE SOLUTION                                                                                     ,,
6203,013,MOLESKIN                                                                                            ,,
6203,014,TOE SHIELDS                                                                                         ,,
6203,015,CORN TREATMENT-NON MEDICATED                                                                        ,,
6203,016,CORN TREATMENT-MEDICATED                                                                            ,,
6204,001,STERILE GLOVES-DISPOSABLE                                                                           ,,
6204,002,STERILE GLOVES-NON-DISPOSABLE                                                                       ,,
6204,003,NON STERILE GLOVES-DISPOSABLE                                                                       ,,
6204,004,NON STERILE GLOVES-NON-DISPOSABLE                                                                   ,,
6205,001,BANDAGES- MEDICATED                                                                                 ,,
6205,002,BANDAGES- NON MEDICATED                                                                             ,,
6205,003,BANDAGE PROTECTORS                                                                                  ,,
6205,004,ELASTIC BANDAGE ROLLS                                                                               ,,
6205,005,DRESSINGS- STERILE                                                                                  ,,
6205,006,DRESSINGS- NON STERILE                                                                              ,,
6205,007,WOUND COVERS-STERILE                                                                                ,,
6205,008,WOUND COVERS-NON STERILE                                                                            ,,
6205,009,PADS- STERILE                                                                                       ,,
6205,010,PADS-NON STERILE                                                                                    ,,
6205,011,GAUZE PADS                                                                                          ,,
6205,012,ROLL GAUZE                                                                                          ,,
6205,013,IRRIGATION SYRINGES-STERILE-DISPOSABLE                                                              ,,
6205,014,IRRIGATION SYRINGES-STERILE-NON DISPOSABLE                                                          ,,
6205,015,IRRIGATION SYRINGES-NON STERILE-DISPOSABLE                                                          ,,
6205,016,IRRIGATION SYRINGES-NON STERILE-NON DISPOSABLE                                                      ,,
6205,017,TAPE                                                                                                ,,
8888,001,TEST ITEM 1                                                                                         ,,
9989,000,DEFAULT                                                                                             ,,
9999,000,DEFAULT                                                                                             ,,
0113,002,INDIVIDUAL ICE CREAM/ICES SUNDRIES SOLD IN PACKAGES OF 2 OR MORE,,
0113,004,INDIVIDUAL ICE CREAM/ICES SUNDRIES SOLD INDIVIDUALLY,,
6000,002,LISTED SERVICES,,
6001,003,COURIER SERVICES,,
6030,003,ASP - SERVER IN CUSTOMER STATE,,
6030,004,ASP - SERVER NOT IN CUSTOMER STATE,,
0157,011,CANDY - UNDER 4 SERVINGS,,
0157,012,CANDY - 4 OR MORE SERVINGS,,
0157,013,CANDY - CONTAINS FLOUR -  UNDER 4 SERVINGS,,
0157,014,CANDY - CONTAINS FLOUR - 4 OR MORE SERVINGS,,
0157,015,GUM,,
6032,001,DIGITAL AUDIO WORKS AND BOOKS - ACCESS ONLY,,
6032,002,DIGITAL AUDIO-VISUAL WORKS - ACCESS ONLY,,
6032,003,DIGITAL AUDIO WORKS AND BOOKS - DOWNLOAD,,
6032,004,DIGITAL AUDIO-VISUAL WORKS - DOWNLOAD,,
0101,012,LICORICE/CANDY CONTAINS FLOUR,,
6108,020,CLAVICLE SUPPORTS-ELASTIC,,
6108,021,CLAVICLE SUPPORTS- NON ELASTIC,,
6108,026,LYMPHEDEMA AND MASTECTOMY SLEEVES- CUSTOM,,
6109,020,CLAVICLE SUPPORTS-ELASTIC,,
6109,021,CLAVICLE SUPPORTS- NON ELASTIC,,
6109,026,LYMPHEDEMA AND MASTECTOMY SLEEVES- NON-CUSTOM,,
6117,005,SUNGLASSES CORRECTIVE LENS OR LENSES IF PURCHASED TO CORRECT OR ALLEVIATE PHYSICAL INCAPACITY.,,
6117,006,SUNGLASSES- NON CORRECTIVE LENS OR LENSES-COSMETIC,,
6117,007,SUNGLASSES NON CORRECTIVE LENS OR LENSES  IF PURCHASED TO CORRECT OR ALLEVIATE PHYSICAL INCAPACITY.,,
6117,012,CONTACT LENS THERMAL OR CHEMICAL CARE UNITS,,
6203,011,CONTACT LENS CLEANING SOLUTION,,
DISP,001,WHITE GOODS,,
DISP,002,VIDEO DISPLAY >4 BUT <15 INCHES,,
DISP,003,VIDEO DISPLAY => 15 BUT <35 INCHES,,
DISP,004,VIDEO DISPLAY => 35 INCHES,,
DISP,002,US VIDEO DISPLAY >4 BUT <15 INCHES,,
DISP,003,US VIDEO DISPLAY => 15 BUT <35 INCHES,,
DISP,004,US VIDEO DISPLAY => 35 INCHES,,
DISP,005,CANADA MONITOR <=29 INCHES,,
DISP,006,CANADA MONITOR >=30 INCHES,,
DISP,007,CANADA TV <18 INCHES,,
DISP,008,CANADA TV 19 TO 29 INCHES,,
DISP,009,CANADA TV 30 TO 45 INCHES,,
DISP,010,CANADA TV >45 INCHES,,
DISP,011,DESKTOP COMPUTER,,
DISP,012,LAPTOP COMPUTER,,
DISP,013,PRINTER,,
DISP,014,PERIPHERAL,,
DISP,015,PERSONAL AUDIO VIDEO,,
DISP,016,HOME AUDIO VIDEO,,
DISP,017,HOME THEATER,,
DISP,018,NONCELLULAR PHONE,,
DISP,019,VEHICLE AUDIO,,
0157,021,GROCERIES - UNDER 4 SERVINGS,,
0157,022,GROCERIES - 4 OR MORE SERVINGS,,
0300,015,OPTIONAL LABOR-ONLY MAINTENANCE CONTRACT FOR  BUSINESS,,
0302,006,LABOR ONLY REPAIR FOR BUSINESS EQUIPMENT AND MACHINERY,,
0302,007,LUMP-SUM BILL FOR LABOR AND MATERIALS WITH INSIGNIFICANT VALUE  - FOR BUSINESS,,
7009,028,INSULIN SYRINGES WITHOUT A PRESCRIPTION,,
7009,029,NON-RETURNABLE PACKAGING,,
7012,001,"CLAMPS, VALVES, SCOPES - SINGLE USE",,
7012,002,CORDS,,
7012,003,"ELECTROSURGERY DEVICE FOR TISSUE LIGATION, SUCTION THROUGH A TROCAR",,
7012,004,"ENDOSCOPIC DEVICES, CUTTERS, GRASPERS - NOTHING LEFT IN BODY",,
7012,005,MARKER / BATTERY CHARGER,,
7012,006,MISC EQUIPMENT,,
7012,007,NEEDLE HOLDER,,
7012,008,"SCISSORS, CUTTERS, GRASPERS",,
7012,009,STAPLER RELOADS,,
7012,010,STAPLERS,,
7012,011,VESSEL SEALING INSTRUMENTS,,
7012,012,VESSEL SEALING LAPROSCOPIC INSTRUMENT,,
7012,013,ELETROSURGERY EQUIPMENT,,
7012,014,INSTRUMENTS,,
7012,015,ADAPTORS,,
7012,016,ELECTRO SHEARS AND CUTTERS - NOTHING LEFT IN BODY,,
7012,017,"ELECTRODES, PENCILS, ELECTRO FORCEPS",,
7012,018,ELECTROSURGERY DEVICE (SINGLE USE FOR SMOKE EVAC),,
7012,019,PROBES,,
7012,020,SINGLE USE TISSUE CAUTERY,,
7012,021,"SINGLE USE WANDS, TIPS FOR CAUTERY",,
7013,001,ABSORBABLE HEMOSTAT SURGICEL (STAY IN BODY),,
7013,002,"CLIPS, STAPLES, APPLIERS, CARDIAC PACING WIRES",,
7013,003,IMPLANTABLE MESH,,
7013,004,SHEATHS,,
7013,005,SINGLE USE INTERNAL STAPLERS AND RELOADING UNITS (STAPLES LEFT IN BODY),,
7013,006,SINGLE USE SKIN STAPLERS (STAPLES LEFT IN BODY),,
7013,007,SPINAL IMPLANTS,,
7013,008,STAPLES TO SECURE MESH IMPLANTS (STAY IN BODY),,
7013,009,STENTS,,
7013,010,SURGICAL DRAINS (IMPLANTED),,
7013,011,TITANIUM LIGACLIPS (STAY IN BODY),,
7014,001,CUSTOM ENDO KIT,,
7014,002,CUSTOM KIT,,
7014,003,ENDO KITS W/ MULTIPLE ITEMS,,
7015,001,"TROCARS, CANNULAS, PORTS",,
7015,002,UROWIRES,,
7015,003,CATHETER,,
7015,004,DLUS,,
7016,001,ACUCISE,,
7016,002,CARTS,,
7017,001,COLLAGEN HEMOSTAT POWDER,,
7017,002,FOAM SPONGE HEMOSTAT,,
7017,003,SINGLE USE MONITORING SENSORS,,
7017,004,SPECIMIN RETREIVAL BAG,,
7018,001,BARIATRIC SURGERY TRAY,,
7018,002,CHOLECYSTECTOMY TRAY,,
7019,001,SUTURE,,
7019,002,SUTURE ASSISTANT,,
7019,003,AUTOSUTURE,,
7020,001,LIQUID ADHEISIVE CLOSURE,,
7020,002,WOUND DRESSINGS,,
7021,001,FINANCE CHARGES,,
7022,001,FREIGHT/SHIPPING,,
7022,002,DISTRIBUTION FEE,,
7023,001,ROOM REVENUE,,
7023,002,BANQUET ROOM WITH CATERING,,
7023,003,CONFERENCE ROOM - NO CATERING,,
7023,004,LAUNDRY/DRY CLEANING,,
7023,005,SAFE DEPOSIT/VALUABLES STORAGE,,
7023,006,"RENTAL - CRIB, REFRIGERATOR, ROLLAWAY, ETC.",,
7023,007,EARLY/LATE DEPARTURE FEE,,
7023,008,CANCELLATION FEE,,
7023,009,DAMAGE FEE,,
7023,010,CLEANING OR SMOKING FEE,,
7023,011,RESERVATION OR PROCESSING FEE,,
7023,012,PET FEE,,
7023,013,TV - CABLE - PAY PER VIEW,,
7024,001,COMPLIMENTARY TOILETRIES FOR GUESTS,,
7024,002,PAPER GOODS AND SUPPLIES,,
7024,003,COMPLIMENTARY FOOD/SNACKS FOR GUESTS,,
7024,004,COMPLIMENTARY ALCOHOLIC BEVERAGES,,
7024,005,LANDSCAPING SERVICE,,
7024,006,HOUSEKEEPING SERVICE,,
7024,007,LINEN/LAUNDRY SERVICE,,
DISP,005,CANADA VIDEO DISPLAY <=29 INCHES,,
DISP,006,CANADA VIDEO DISPLAY >=30 INCHES,,
DISP,007,OBSOLETE CANADA TV <18 INCHES,,
DISP,008,OBSOLETE CANADA TV 19 TO 29 INCHES,,
DISP,009,OBSOLETE CANADA TV 30 TO 45 INCHES,,
DISP,010,OBSOLETE CANADA TV >45 INCHES,,
DISP,020,FLOOR STANDING PRINTER-COPIER,,
DISP,021,CELLULAR PHONE OR PAGER,,
DISP,022,MICRO-TOYS,,
6003,021,CANNED SOFTWARE LICENSE RENEWAL DELIVERED ELECTRONICALLY - ORIGINAL SALE TPP,,
6004,001,ALARM MONITORING SERVICE,,
6022,008,GRADING CHARGE - NOT COMPUTER BASED - SEPARATELY STATED,,
0316,009,LUMP SUM - UNAPPORTIONED,,
0318,019,BILL TO PRIME FOR MATERIALS USED-T&M DOWNSTREAM T&M,,
7007,001,MACHINERY AND EQUIPMENT,,
7007,002,SUPPLIES,,
7007,003,COMPUTERS,,
7007,004,CANNED SOFTWARE,,
7007,005,CANNED SOFTWARE DELIVERED ELECTRONICALLY,,
7007,006,CUSTOM SOFTWARE DELIVERED VIA TPP,,
7007,007,CUSTOM SOFTWARE DELIVERED ELECTRONICALLY,,
7008,001,ORTHODONTIC PROSTHETIC,,
0154,022,SUSHI PLATTER,,
5022,008,TELECONFERENCING W/O TRANSMISSION - UNDETERMINED,,
5032,015,SIP TRUNKS - STANDARD,,
5032,016,SIP TRUNKS - HIGH CAPACITY,,
5044,015,SIP TRUNKS - STANDARD,,
5044,016,SIP TRUNKS - HIGH CAPACITY,,
7004,003,UPGRADE ANYTIME MEMBERSHIP FEE,,
7009,001,COMPUTER HARDWARE R&D,,
7009,002,PRE-WRITTEN COMPUTER SOFTWARE FOR USE IN A DATA CENTER,,
7009,003,PREWRITTEN COMPUTER SOFTWARE DELIVERED ELECTRONICALLY - USED FOR BUSINESS,,
7009,004,ENVIRONMENTAL CONSERVATION,,
7009,005,GOVERNMENT TRANSACTIONS,,
7009,006,LEASES OF REAL PROPERTY,,
7009,007,PRE-EMPLOYMENT BACKGROUND SCREENING,,
7009,008,INSPECTION SERVICES,,
7009,009,REPAIR LABOR -- MANUFACUTURING MACHINERY AND EQUIPMENT SEPARATELY STATED,,
7009,010,REPAIR LABOR -- MANUFACUTURING MACHINERY AND EQUIPMENT,,
7009,011,MANDATORY SW MAINTENANCE CONTRACTS-PRE-WRITTEN SW DELIVERED ELETRONICALLY FOR BUSINESS USE,,
7009,012,OPTIONAL COMPUTER HARDWARE/SOFTWARE MAINTENANCE CONTRACTS,,
7009,013,TRAVEL EXPENSES - SEPARATELY STATED,,
7009,014,CONTACT CENTER - CALL ANSWERING SERVICE,,
7009,015,OTHER,,
7009,016,BAD DEBT,,
7009,017,COUPONS & CASH DISCOUNTS,,
7009,018,RETAILER COUPON/DISCOUNT,,
7009,019,MANUFACTURER COUPON/DISCOUNT,,
7009,020,EARLY PAYMENT DISCOUNT,,
7009,021,TRADE DISCOUNT,,
7009,022,GIFT CERTIFICATES SOLD,,
7009,023,FINANCE CHARGES,,
7009,024,INTEREST,,
7009,025,NSF CHECK FEES - VENDOR,,
7009,026,RESTOCKING FEE,,
7009,027,COMMISION INCOME,,
0430,001,WAREHOUSE SPACE,,
0430,002,VEHICLE STORAGE,,
6026,004,DELIVERED/HOSTED REMOTELY VIA SAAS,,
7010,001,ROOM REVENUE,,
7010,002,HOTEL BANQUET OR CONFERENCE ROOM,,
7010,003,BANQUET - AUDIO VISUAL INCOME,,
7011,001,US COIN,,
7011,002,NON-US COIN,,
7011,003,MEDAL ISSUED BY US OR FOREIGN GOVERNMENT,,
7011,004,MEDAL ISSUED BY STATE WHERE SOLD,,
7011,005,"STAMP - UNCANCELLED, PRICE NOT EXCEEDING FACE VALUE BY 50% OR MORE",,
7011,006,BULLION - GOLD,,
7011,007,BULLION - SILVER,,
7011,008,BULLION - PLATINUM,,
7011,009,BULLION - RHODIUM,,
7011,010,BULLION - CHROMIUM,,
5035,001,SALE OF PREPAID SERVICE - INTRA/INTERSTATE,,
6015,005,RESTOCKING FEE,,
6030,007,SAAS - CANNED SOFTWARE NOT DOWNLOADABLE OR SOLD  IN OTHER FORMATS,,
5032,017,NON-INTERCONNECTED VOIP - USAGE BASED  CHARGES (UNDETERMINED),,
5044,017,NON-INTERCONNECTED VOIP - USAGE BASED CHARGES (UNDETERMINED),,
6003,022,COLOCATION - SPACE,,
0009,001,READING GLASSES,,
0009,002,"THERAPEUTIC HOT & COLD, DISPOSABLE",,
0009,003,"THERAPEUTIC HOT & COLD, REUSABLE",,
0009,004,"BRACES & SUPPORTS, ELASTIC",,
0009,005,"BRACES & SUPPORTS, NON-ELASTIC",,
5008,007,CONNECTION/DISCONNECTION CHARGES - INTRASTATE,,
5008,008,CONNECTION/DISCONNECTION CHARGES - INTERSTATE,,
7025,001,ADULT MOVIE ADMISSION,,
7025,002,CHILD MOVIE ADMISSION,,
0161,001,TPP + CANDY => 50%; TPP => 50%,,
0161,002,TPP + CANDY => 50%; TPP < 50%,,
0161,003,TPP + CANDY > 25% BUT < 50%,,
0161,004,TPP + CANDY => 10% BUT <= 25%,,
5046,001,MONTHLY PLAN - UNDETERMINED,,
5046,002,MONTHLY PLAN - INTRASTATE,,
5046,003,MONTHLY PLAN - INTERSTATE,,
0300,016,EXTENDED WARRANTY,,
0300,017,EXTENDED WARRANTY - DOES NOT INCLUDE PARTS,,
0003,002,FUR CLOTHING (FUR REPRESENTS MORE THAN 50% OF THE GARMENT'S VALUE),,
0003,006,CHILDREN'S COSTUMES,,
0005,002,PROTECTIVE CLOTHING-DESIGNED TO PROTECT PRODUCT OR WEARER'S CLOTHES,,
0170,016,RACKS AND SHELVES - FOOD STORAGE,,
0020,022,NEWSLETTER - QUALIFIES AS SECOND CLASS MAIL,,
0020,023,LOOSELEAF SUBSCRIPTION SERVICE,,
0020,024,LOOSELEAF - INITIAL SALE WITH BINDERS,,
5032,014,FAX OVER IP,,
5044,014,FAX OVER IP,,
5501,004,TARIFFED RATES FOR BASELINE RATE USAGE,,
6015,004,PRINTING FEE,,
6030,006,EMAILED INFORMATION SERVICE,,
7003,001,CHEMICALS THAT AFFECT PRODUCT BEING PRODUCED,,
7003,002,CHEMICALS DIRECTLY USED IN EXTRACTION PROCESS,,
7003,003,CHEMICALS FOR TESTING FINAL PRODUCT,,
7003,004,CHEMICALS USED AS OPERATIONAL SUPPLIES,,
7003,005,CHEMICALS USED IN MACHINERY MAINTENANCE,,
0114,006,PAPER TOWELS/PAPER NAPKINS/FACIAL TISSUES,,
0315,001,LUMP SUM - PORTION FOR MATERIALS USED BY CONTRACTOR,,
0315,002,LUMP SUM - PORTION FOR REBILLED MATERIALS,,
0315,003,LUMP SUM - PORTION FOR LABOR PROVIDED,,
0315,004,LUMP SUM - PORTION FOR REBILLED LABOR,,
0315,005,TIME & MATERIALS - MATERIALS USED BY CONTRACTOR,,
0315,006,TIME & MATERIALS - MATERIALS REBILLED FROM SUB,,
0315,007,TIME & MATERIALS - LABOR PROVIDED,,
0315,008,TIME & MATERIALS - LABOR REBILLED FROM SUB,,
0316,001,LUMP SUM - PORTION FOR MATERIALS USED BY CONTRACTOR,,
0316,002,LUMP SUM - PORTION FOR REBILLED MATERIALS,,
0316,003,LUMP SUM - PORTION FOR LABOR PROVIDED,,
0316,004,LUMP SUM - PORTION FOR REBILLED LABOR,,
0316,005,TIME & MATERIALS - MATERIALS USED BY CONTRACTOR,,
0316,006,TIME & MATERIALS - MATERIALS REBILLED FROM SUB,,
0316,007,TIME & MATERIALS - LABOR PROVIDED,,
0316,008,TIME & MATERIALS - LABOR REBILLED FROM SUB,,
5020,012,ACCESS CHARGES - INTRASTATE/INTERSTATE (RECURRING),,
5020,013,CONNECTION/DISCONNECTION CHARGES - INTRASTATE/INTERSTATE,,
5020,014,SERVICE CHARGES - INTRASTATE/INTERSTATE,,
5021,008,ACCESS CHARGES - INTRASTATE/INTERSTATE (RECURRING),,
0303,001,PARTS USED UNDER MANDATORY WARRANTY,,
0303,002,PARTS USED UNDER OPTIONAL/EXTENDED WARRANTY,,
0303,003,PARTS USED UNDER MANDATORY MAINTENANCE CONTRACT,,
0303,004,PARTS USED UNDER OPTIONAL MAINTENANCE CONTRACT,,
0303,005,PARTS IN LUMP SUM REPAIR - INSIGNIFICANT VALUE,,
0303,006,PARTS IN LUMP SUM REPAIR - SIGNIFICANT VALUE,,
5032,018,VOIP - VERTICAL FEATURES - AMOUNT ATTRIBUTABLE TO INTRASTATE REVENUES,,
5044,018,VOIP - VERTICAL FEATURES - AMOUNT ATTRIBUTABLE TO INTRASTATE REVENUES,,
0101,005,CEREAL BARS CONTAIN FLOUR,,
0101,012,"CANDY CONTAINS FLOUR, OR FORM OTHER THAN BARS, DROPS OR PIECES",,
0101,014,CEREAL BARS NO FLOUR,,
0101,015,TRAIL MIX WITH CANDY AND FLOUR,,
0101,016,TRAIL MIX WITH CANDY NO FLOUR,,
0102,001,100% COFFEE OR TEA,,
0102,019,DRINK MIX COMMONLY MIXED WITH MILK,,
0102,033,SWEETENED TEA MIX,,
6008,001,MACHINERY AND EQUIPMENT,,
6008,002,SUPPLIES,,
6008,003,COMPUTERS,,
6008,004,CANNED SOFTWARE,,
6008,005,CANNED SOFTWARE DELIVERED ELECTRONICALLY,,
6008,006,CUSTOM SOFTWARE DELIVERED VIA TPP,,
6008,007,CUSTOM SOFTWARE DELIVERED ELECTRONICALLY,,
0119,012,FLAVORED UNSWEETENED WATER,,
5025,018,INTERNATIONAL MOBILE PLAN,,
6021,001,ON SITE OR PHONE SUPPORT - MANDATORY WITH SALE,,
6021,002,ON SITE OR PHONE SUPPORT - BY THIRD PARTY NOT CONNECTED WITH SALE,,
6021,011,ON SITE OR PHONE SUPPORT - OPTIONAL - PROVIDED BY SELLER,,
6022,001,INSTRUCTION- MANDATORY WITH SALE,,
6022,002,INSTRUCTION- BY THIRD PARTY NOT CONNECTED WITH SALE,,
6022,009,INSTRUCTION - OPTIONAL - PROVIDED BY SELLER,,
DISP,022,E-TOYS,,
5046,005,USAGE-BASED CHARGES (UNDETERMINED),,
5046,006,ACTIVATION/DEACTIVATION CHARGES,,
0151,002,BEER CONTAINING >3.2% - 5% ALCOHOL,,
0151,007,BEER CONTAINING MORE THAN 5% ALCOHOL,,
7033,001,COMPLIMENTARY NON-REUSABLES - HYGIENE,,
7033,002,COMPLIMENTARY NON-REUSABLES - NON-HYGIENE,,
0118,005,MENSTRUAL CUPS,,
5048,001,INTERNET PROTOCOL TV SERVICES,,
0118,006,"CONDOMS, NON-MEDICATED",,
0118,007,"CONDOMS, MEDICATED",,
0118,008,"FAMILY PLANNING, MEDICATED",,
6040,001,WHITE GOODS,,
6040,002,US VIDEO DISPLAY >4 BUT <15 INCHES,,
6040,003,US VIDEO DISPLAY => 15 BUT <35 INCHES,,
6040,004,US VIDEO DISPLAY => 35 INCHES,,
6040,005,CANADA VIDEO DISPLAY <=29 INCHES,,
6040,006,CANADA VIDEO DISPLAY >=30 BUT <=45 INCHES,,
6040,011,DESKTOP COMPUTER,,
0011,003,TEXTBOOK PURCHASE - NO STUDENT ID OR MAIL ORDER,,
0011,004,TEXTBOOK PURCHASE WITH STUDENT ID,,
0011,005,TEXTBOOK RENTAL - NO STUDENT ID OR MAIL ORDER,,
0011,006,TEXTBOOK RENTAL WITH STUDENT ID,,
0020,025,DIGITAL NEWSPAPER SUBSCRIPTION,,
0140,001,GENERAL FOOD FOR BUSINESS,,
0140,002,BOTTLED WATER FOR BUSINESS,,
0140,003,CANDY FOR BUSINESS,,
0140,004,SNACKS FOR BUSINESS,,
0140,005,SODA FOR BUSINESS,,
5025,019,SATELLITE TELEPHONE SERVICE,,
5032,021,VOIP - LOCAL-ONLY CALLING PLAN,,
5044,021,VOIP - LOCAL-ONLY CALLING PLAN,,
5046,004,MONTHLY PLAN - INTERNATIONAL,,
5046,007,VOIP-ENABLED VERTICAL FEATURES,,
7035,001,"HOSPITAL BED, MATTRESS",,
7035,002,CPAP/BIPAP,,
7035,003,OTHER DURABLE MEDICAL EQUIPMENT,,
7035,004,"WHEELCHAIR, WALKER, CANE",,
7035,005,PATIENT LIFT,,
7035,006,OXYGEN DELIVERY EQUIPMENT,,
7035,007,MEDICAL OXYGEN,,
7036,001,"HOSPITAL BED, MATTRESS",,
7036,002,CPAP/BIPAP,,
7036,003,OTHER DURABLE MEDICAL EQUIPMENT,,
7036,004,"WHEELCHAIR, WALKER, CANE",,
7036,005,PATIENT LIFT,,
7036,006,OXYGEN DELIVERY EQUIPMENT,,
0141,001,DISPOSABLE PAPER PRODUCTS,,
0104,006,EDIBLE OIL WITH SUPPLEMENT FACTS,,
0104,007,ENERGY DRINK WITH SUPPLEMENT FACTS,,
7026,001,BEER,,
7026,002,WINE OR LIQUOR 14% OR LESS ALCOHOL,,
7026,003,WINE OR LIQUOR > 14% BUT < 20% ALCOHOL,,
7026,004,WINE OR LIQUOR 20% OR MORE ALCOHOL,,
7027,001,CHECKOUT BAG,,
7028,001,TEXTBOOK PURCHASE - NO STUDENT ID OR MAIL ORDER,,
7028,002,TEXTBOOK PURCHASE WITH STUDENT ID,,
7028,003,TEXTBOOK RENTAL - NO STUDENT ID OR MAIL ORDER,,
7028,004,TEXTBOOK RENTAL WITH STUDENT ID,,
0406,002,GARMENTS RENTED  FOR BUSINESS USE,,
0408,002,GARMENT RENTAL STATED SEPARATELY IN AN L&G CONTRACT OF 30 DAYS OR MORE,,
0411,006,GARMENT SUPPLY CONTRACT OF 30 DAYS OR MORE-NOT USING DRY CLEANING SOLVENTS,,
0411,010,OTHER TEXTILE SUPPLY CONTRACT OF 30 DAYS OR MORE-NOT USING DRY CLEANING SOLVENTS,,
0412,002,GARMENT RENTAL STATED SEPARATELY IN AN L&G CONTRACT OF 30 DAYS OR MORE,,
0412,003,OTHER TEXTILE RENTAL STATED SEPARATELY IN AN L&G CONTRACT OF LESS THAN 30 DAYS,,
0412,004,OTHER TEXTILE RENTAL STATED SEPARATELY IN AN L&G CONTRACT OF 30 DAYS OR MORE,,
7025,003,THIRD PARTY CONVENIENCE FEE,,
6000,001,CLEANING SERVICES - JANITORIAL,,
7025,004,SELLER CONVENIENCE FEE,,
0154,023,FROZEN SANDWICH - PREPARED BY RETAILER - NO HEATING DEVICE AVAILABLE,,
0154,024,FROZEN SANDWICH - PREPARED BY THIRD PARTY - NO HEATING DEVICE AVAILABLE,,
0154,025,FROZEN SANDWICH - PREPARED BY RETAILER - HEATING DEVICE AVAILABLE,,
0154,026,FROZEN SANDWICH - PREPARED BY THIRD PARTY - HEATING DEVICE AVAILABLE,,
7029,001,HEARING AIDS,,
7030,001,FLOORING - RESIDENTIAL,,
7030,002,RESIDENTIAL PHONE INCLUDING VOIP,,
7030,003,CELLULAR PHONE SERVICE INCLUDING PREPAID,,
7200,000,VAT GENERAL MERCHANDISE,,
7200,001,VAT ZERO RATED SUPPLIES,,
7200,002,VAT EXEMPT SUPPLIES,,
7200,003,VAT REDUCED RATE SUPPPLIES,,
7200,004,VAT SUPER REDUCED RATE SUPPLIES,,
7200,005,VAT SUPER SUPER REDUCED RATE SUPPLIES,,
7201,000,VAT GENERAL SERVICES,,
DISP,026,MATTRESS,,
6040,012,LAPTOP COMPUTER,,
6040,013,PRINTER,,
6040,014,PERIPHERAL,,
6040,015,PERSONAL AUDIO VIDEO,,
6040,016,HOME AUDIO VIDEO,,
6040,017,HOME THEATER,,
6040,018,NONCELLULAR PHONE,,
6040,019,VEHICLE AUDIO,,
6040,020,FLOOR STANDING PRINTER-COPIER,,
6040,021,CELLULAR PHONE OR PAGER,,
6040,022,E-TOYS,,
6040,023,COUNTERTOP MICROWAVE < 1.0 CU FT,,
6040,024,COUNTERTOP MICROWAVE => 1.0 CU FT,,
6040,025,CANADA VIDEO DISPLAY >=46 INCHES,,
6040,026,MATTRESS,,
6040,027,CHECKOUT BAG,,
0170,014,"POTS, PANS, LIDS, ETC",,
0170,019,DINING ROOM FURNITURE,,
6030,008,INFRASTRUCTURE AS A SERVICE,,
6030,009,PLATFORM AS A SERVICE,,
7031,001,TKTS TO PLAY/THEATR/OPERA/CONCERT,,
7031,002,"TKTS TO MOVIE, PARK, MUSEUMS",,
7031,003,FEES FOR RECREATIONAL LESSONS,,
7031,004,ADMISSION TO SPORTING EVENTS,,
7031,005,AIRLINE FARES,,
7031,006,PRKNG FEE IN HME CITY EXCL RSDNC,,
7031,007,INTERCITY TRAIN FARES,,
7031,008,SHIP FARES,,
7031,009,OTH SCH EXPENSES INCLUD RENTALS,,
7031,010,MAINT/REP/UTIL OTH PROP,,
7031,011,AUTO/TRUCK RENTAL,,
7031,012,SOCIAL/RECRE/CIVIC/FITNSS MBRSHP,,
7031,013,BABYSITTING/CHILD CARE,,
7031,014,DOMESTIC SERVICE,,
7031,015,"MOVING, STORAGE,FREIGHT EXPRES",,
7031,016,"CARE OF INVALIDS, ELDERLY, ETC",,
7031,017,PET SERVICES,,
7031,018,PERS. CARE SERV.,,
7031,019,DAY CARE/NURS/PRSCH EXP INCL TUIT,,
7031,020,FUNERAL EXPENSE,,
7031,021,ACCOUNTING FEES,,
7031,022,TEST PREP/TUTORING SERVICES,,
7031,023,VEHICLE CLEAN SRVCS INCL CARWASH,,
7031,024,FUEL OIL OWND,,
7031,025,DIESEL FUEL,,
7031,026,"GAS, BOTTLED OR TANK OWND",,
7031,027,LODGING AWAY FROM HOME,,
7031,028,"LAB TESTS, X-RAYS",,
7031,029,SERV BY PROS OTH THAN PHYSICIANS,,
7031,030,HOSPITAL ROOM,,
7031,031,HOSPITAL SERVICE OTH THAN ROOM,,
7031,032,CARE IN CONVL OR NURSING HOME,,
7034,001,FARM EQUIPMENT,,
7034,002,AUTO SALE,,
7034,003,AUTO RENTAL,,
0003,015,CLOTH DIAPERS,,
5008,009,INTRASTATE/INTERSTATE - UNDETERMINED - MONTHLY CHARGE,,
5008,010,INTRASTATE/INTERSTATE - UNDETERMINED - USAGE-BASED CHARGE,,
0422,001,< 30 DAYS - INCEPTION,,
0422,002,< 30 DAYS - STREAM,,
0422,003,30 DAYS - INCEPTION,,
0422,004,30 DAYS - STREAM,,
0422,005,31 TO 60 DAYS - INCEPTION,,
0422,006,31 TO 60 DAYS - STREAM,,
0422,007,61 TO 92 DAYS - INCEPTION,,
0422,008,61 TO 92 DAYS - STREAM,,
0422,009,93 DAYS TO 6 MONTHS - INCEPTION,,
0422,010,93 DAYS TO 6 MONTHS - STREAM,,
0422,011,> 6 MONTHS - INCEPTION,,
0422,012,> 6 MONTHS - STREAM,,
0422,013,SHORT TERM LESS THAN 30 DAYS,,
6007,003,PEST CONTROL,,
6007,004,WASTE REMOVAL,,
5048,002,STREAMING VIDEO - ON DEMAND,,
5048,003,STREAMING VIDEO - MONTHLY CHARGE - BASIC SERVICE,,
5048,004,STREAMING VIDEO - MONTHLY CHARGE - PREMIUM SERVICE,,
7025,005,MOVIE ADMISSION BY SUBSCRIPTION,,
7027,001,CHECKOUT BAG MOVED TO GROUP 6040,,
6022,001,INSTRUCTION- MANDATORY WITH SALE OF TPP,,
6022,010,INSTRUCTION- MANDATORY WITH SALE OF DOWNLOADED SOFTWARE,,
6022,011,INSTRUCTION- MANDATORY WITH SALE OF REMOTE HOSTED SOFTWARE,,
0333,001,SERVICE WITH B&O TAXABILITY,,
5032,019,USAGE-BASED CHARGES (INTERNATIONAL-CALL ORIGINATES IN THE STATE),,
5032,020,USAGE-BASED CHARGES (INTERNATIONAL-CALL TERMINATES IN THE STATE),,
5044,019,USAGE-BASED CHARGES (INTERNATIONAL-CALL ORIGINATES IN THE STATE),,
5044,020,USAGE-BASED CHARGES (INTERNATIONAL-CALL TERMINATES IN THE STATE),,
6009,001,RETURNABLE PACKING AND SHIPPING SUPPLIES - PURCHASED BY MANUFACTURER,,
6009,002,NON RETURNABLE PACKING AND SHIPPING SUPPLIES - PURCHASED BY MANUFACTURER,,
6009,003,RETURNABLE PALLETS - PURCHASED BY MANUFACTURER,,
6009,004,NONRETURNABLE PALLETS - PURCHASED BY MANUFACTURER,,
5022,007,CONFERENCE BRIDGING - STAND ALONE - FEDERAL TAXES ONLY,,
5022,010,CONFERENCE BRIDGING - WITH TRANSMISSION - UNDETERMINED,,
5022,011,CONFERENCE BRIDGING - STAND ALONE - INTERNATIONAL,,
